<!--
  ~   Copyright 2018. AppDynamics LLC and its affiliates.
  ~   All Rights Reserved.
  ~   This is unpublished proprietary source code of AppDynamics LLC and its affiliates.
  ~   The copyright notice above does not evidence any actual or intended publication of such source code.
  ~
  -->

<monitor>
    <name>SnmpTrapReceiver</name>
    <type>managed</type>
    <description>Receive SNMP Traps and sends custom events</description>
    <monitor-configuration>
    </monitor-configuration>
    <monitor-run-task>
        <execution-style>continuous</execution-style>
        <name>SnmpTrapReceiver Monitor Run Task</name>
        <display-name>SnmpTrapReceiver Monitor Task</display-name>
        <description>SnmpTrapReceiver Monitor Task</description>
        <type>java</type>
        <execution-timeout-in-secs>60</execution-timeout-in-secs>
        <task-arguments>
            <argument name="config-file" is-required="true" default-value="monitors/SnmpTrapReceiver/config.yml" />
        </task-arguments>
        <java-task>
            <classpath>snmp-trap-receiver-extension.jar</classpath>
            <impl-class>com.appdynamics.extensions.snmptrapreceiverextension.SnmpTrapReceiver</impl-class>
        </java-task>
    </monitor-run-task>
</monitor>
